iter	MultiClass
0	-2.011558846
1	-1.789719073
2	-1.726464439
3	-1.710521152
4	-1.690865877
5	-1.681768608
6	-1.677737575
7	-1.667153837
8	-1.661539882
9	-1.639474954
